﻿<?xml version="1.0" encoding="UTF-8" ?>
<!--
 - Copyright 2015-2018 Mohawk College of Applied Arts and Technology
 -
 - 
 - Licensed under the Apache License, Version 2.0 (the "License"); you 
 - may not use this file except in compliance with the License. You may 
 - obtain a copy of the License at 
 - 
 - http://www.apache.org/licenses/LICENSE-2.0 
 - 
 - Unless required by applicable law or agreed to in writing, software
 - distributed under the License is distributed on an "AS IS" BASIS, WITHOUT
 - WARRANTIES OR CONDITIONS OF ANY KIND, either express or implied. See the 
 - License for the specific language governing permissions and limitations under 
 - the License.
 - 
 - User: justi
 - Date: 2016-10-11
 -->
<resources>
    <declare-styleable name="FlowLayout">
        <attr name="horizontalSpacing" format="dimension" value="2" />
        <attr name="verticalSpacing" format="dimension" value="2" />
    </declare-styleable>
    <declare-styleable name="FlowLayout_LayoutParams">
    	<attr name="layout_breakLine" format="boolean" />
        <attr name="layout_horizontalSpacing" format="dimension" />
    </declare-styleable>
</resources>
