﻿<?xml version="1.0" encoding="utf-8"?>
<!--
 - Copyright 2015-2018 Mohawk College of Applied Arts and Technology
 -
 - 
 - Licensed under the Apache License, Version 2.0 (the "License"); you 
 - may not use this file except in compliance with the License. You may 
 - obtain a copy of the License at 
 - 
 - http://www.apache.org/licenses/LICENSE-2.0 
 - 
 - Unless required by applicable law or agreed to in writing, software
 - distributed under the License is distributed on an "AS IS" BASIS, WITHOUT
 - WARRANTIES OR CONDITIONS OF ANY KIND, either express or implied. See the 
 - License for the specific language governing permissions and limitations under 
 - the License.
 - 
 - User: justi
 - Date: 2016-10-11
 -->
<resources>
	<string name="app_name">SanteDB Mobile</string>
	<string name="user_name">User Name</string>
	<string name="password">Password</string>
	<string name="login">Login</string>
	<string name="login_title">SanteDB Login</string>
	<string name="startup">Starting Up</string>
	<string name="needs_setup">We need to set some things up</string>
	<string name="installing_applets">Installing </string>
  <string name="starting_services">Starting Services...</string>
  <string name="loading">Please Wait...</string>
  <string name="confirm">Confirm</string>
  <string name="cancel">Cancel</string>
  <!-- Errors -->
	<!-- Setup screen -->
	<string name="setup_title">Welcome to SanteDB!</string>
	<string name="setup_subTitle">Before you can use SanteDB you need to configure it. First, you\'ll need to join this app to an SanteDB and setup some security controls.</string>
	<string name="setup_title_sec">Security</string>
	<string name="setup_subTitle_sec">In order for this applet to function, it first must be joined to an SanteDB Realm. A realm is an application cluster which stores data, security settings, etc.</string>
	<string name="setup_title_app">Application</string>
	<string name="setup_subTitle_app">Specify application behaviors related to synchronization, offline mode, etc.</string>
	<string name="setup_title_lnf">Look &amp; Feel</string>
	<string name="setup_subTitle_lnf">Specify how you would like to application to look and feel on first startup.</string>
	<string name="setting_offline_only">Offline Mode</string>
	<string name="setting_offline_only_desc">Never connect to the realm to synchronize data.</string>
	<string name="setting_log">Logging Mode</string>
	<string name="setting_log_desc">Identifies the amount of logging data to keep. The more verbose, the more storage space used</string>
  <string name="joinRealm">Realm has been joined successfully!</string>
  <string name="noRealm">This application requires a realm to be joined.</string>
  <string name="leaveRealm">Are you sure you want to leave this realm? All local data will be erased!</string>
	<!-- Activity Titles -->
	<string name="activity_login">Login</string>
	<string name="activity_setup">Setup SanteDB</string>
	<!-- Errors -->
	<string name="err_general">Oops! Something went wrong!</string>
	<string name="err_applet_not_found">Oops! Looks like there is something wrong with that applet!</string> 
	<string name="err_startup">A serious error occurred during startup. SanteDB Mobile cannot continue. Please reference the following error code when seeking help: {0}. Do you want to back-up your files to a public location? (WARNING: Anyone with access to the tablet will be able to access this data)</string>
	<string name="err_login">Login error: </string>
	<string name="err_login_invalidusername">Invalid username/password</string>
	<string name="err_exception">An unexpected error occurred</string>
  <string name="err_online_required">The device must be online to perform this function</string>

  <string name="startup_configuration">Loading Configuration</string>
  <string name="startup_data">Applying Database Changes</string>
  <string name="startup_update">Applying Updates</string>
  <string name="startup_setup">Preparing initial configuration</string>
</resources>
