﻿<?xml version="1.0" encoding="UTF-8" ?>
<!--
 - Copyright 2015-2018 Mohawk College of Applied Arts and Technology
 -
 - 
 - Licensed under the Apache License, Version 2.0 (the "License"); you 
 - may not use this file except in compliance with the License. You may 
 - obtain a copy of the License at 
 - 
 - http://www.apache.org/licenses/LICENSE-2.0 
 - 
 - Unless required by applicable law or agreed to in writing, software
 - distributed under the License is distributed on an "AS IS" BASIS, WITHOUT
 - WARRANTIES OR CONDITIONS OF ANY KIND, either express or implied. See the 
 - License for the specific language governing permissions and limitations under 
 - the License.
 - 
 - User: justi
 - Date: 2016-10-11
 -->
<resources>


<style name="DefaultFont" parent="@android:style/TextAppearance.Medium">
	<item name="android:textColor">#2c3e50</item>
</style>
<style name="AppletTile">
	<item name="android:background">#2c3e50</item>
</style>

<style name="BlueTitle">
	<item name="android:background">@drawable/splash_gradient</item>
</style>

<style name="GrayTitle">
	<item name="android:background">@drawable/gray_gradient</item>
</style>

<style name="SanteDB" parent="@android:style/Theme.Holo.Light.DarkActionBar">
  <item name="android:windowNoTitle">true</item>
  <item name="android:windowFullscreen">false</item>
  <item name="android:windowSoftInputMode">adjustResize</item>

</style>
<style name="ActionBar" parent="@android:style/Widget.Holo.Light.ActionBar.Solid.Inverse">
	<item name="android:background">#2c3e50</item>
</style>

  <style name="SoftInputMode">
    <item name="android:windowFullscreen">false</item>
    <item name="android:windowSoftInputMode">adjustResize</item>
  </style>
<style name="SanteDB.NoTitle">
    <item name="android:windowNoTitle">true</item>  
</style>

    <style name="SanteDB.Splash" >
    <item name="android:windowBackground">@drawable/splash_gradient</item>
    <item name="android:windowNoTitle">true</item>  
    <item name="android:textColor">#fff</item>
  </style>
</resources>